{"is_source_file": false, "format": "", "description": "", "external_files": [], "external_methods": [], "published": [], "classes": [], "methods": [], "calls": [], "search-terms": [], "state": 2, "file_id": 11, "knowledge_revision": 18, "git_revision": "d660f23c05183f9c439c4145c8d004e96900d01a", "hash": "b7eb7090c9e98e66c186ee4a0b3a9741", "format-version": 4, "code-base-name": "notes_frontend", "filename": "notes_frontend/README.md", "revision_history": [{"18": "d660f23c05183f9c439c4145c8d004e96900d01a"}]}