{"is_source_file": true, "format": "TypeScript", "description": "A route definition file for a front-end web application, specifically defining a page's prerender behavior.", "external_files": ["http://localhost:3001"], "external_methods": [], "published": [], "classes": [], "methods": [{"name": "export const prerender", "description": "A constant indicating that the page should not be prerendered, dependant on live backend data."}], "calls": [], "search-terms": ["+page.ts", "prerender", "live backend", "frontend route"], "state": 2, "file_id": 4, "knowledge_revision": 27, "git_revision": "d660f23c05183f9c439c4145c8d004e96900d01a", "revision_history": [{"24": "d660f23c05183f9c439c4145c8d004e96900d01a"}, {"27": "d660f23c05183f9c439c4145c8d004e96900d01a"}], "ctags": [{"_type": "tag", "name": "prerender", "path": "/home/kavia/workspace/code-generation/simple-notes-app-311713-311722/notes_frontend/src/routes/+page.ts", "pattern": "/^export const prerender = false;$/", "language": "TypeScript", "kind": "constant"}], "hash": "1fa33d3f99e88a3905996b357e35fe2a", "format-version": 4, "code-base-name": "notes_frontend", "filename": "notes_frontend/src/routes/+page.ts"}