{"is_source_file": false, "format": "", "description": "", "external_files": [], "external_methods": [], "published": [], "classes": [], "methods": [], "calls": [], "search-terms": [], "state": 2, "file_id": 3, "knowledge_revision": 14, "git_revision": "d660f23c05183f9c439c4145c8d004e96900d01a", "hash": "7dea0cc2fb98e87d0df3173e0658e68f", "format-version": 4, "code-base-name": "notes_frontend", "filename": "notes_frontend/tsconfig.json", "revision_history": [{"14": "d660f23c05183f9c439c4145c8d004e96900d01a"}]}