{"is_source_file": true, "file_id": 6, "git_revision": "", "state": 3, "description": "", "external_files": [], "external_methods": [], "published": [], "classes": [], "methods": [], "calls": [], "search-terms": [], "ctags": [{"_type": "tag", "name": "App", "path": "/home/kavia/workspace/code-generation/simple-notes-app-311713-311722/notes_frontend/src/app.d.ts", "pattern": "/^\tnamespace App {$/", "language": "TypeScript", "kind": "namespace"}], "format": "TypeScript", "hash": "78b56494b3f78d7f9bacda13678f159e", "format-version": 4, "code-base-name": "notes_frontend", "filename": "notes_frontend/src/app.d.ts", "knowledge_revision": 11}