{"is_source_file": true, "format": "JavaScript", "description": "ESLint configuration file for a Svelte project, integrating TypeScript and plugin settings.", "external_files": ["node:url", "./svelte.config.js", "globals", "@eslint/js", "@eslint/compat", "eslint-plugin-svelte", "typescript-eslint"], "external_methods": ["ts.config", "includeIgnoreFile", "fileURLToPath", "import.meta.url"], "published": ["default"], "classes": [], "methods": [{"name": "ts.config", "description": "Generates ESLint configuration based on provided rule sets and options."}, {"name": "includeIgnoreFile", "description": "Includes ignore patterns from the specified .gitignore file into ESLint config."}, {"name": "fileURLToPath", "description": "Converts a file URL to a filesystem path."}], "calls": ["ts.config", "includeIgnoreFile", "fileURLToPath"], "search-terms": ["eslint.config.js", "eslint", "Svelte", "TypeScript", "eslint-plugin-svelte", "configurations", "recommended"], "state": 2, "file_id": 1, "knowledge_revision": 25, "git_revision": "d660f23c05183f9c439c4145c8d004e96900d01a", "ctags": [{"_type": "tag", "name": "gitignorePath", "path": "/home/kavia/workspace/code-generation/simple-notes-app-311713-311722/notes_frontend/eslint.config.js", "pattern": "/^const gitignorePath = fileURLToPath(new URL(\".\\/.gitignore\", import.meta.url));$/", "language": "JavaScript", "kind": "constant"}], "hash": "a81d06efe1486ab8e93e8c96a9bdf6b8", "format-version": 4, "code-base-name": "notes_frontend", "filename": "notes_frontend/eslint.config.js", "revision_history": [{"25": "d660f23c05183f9c439c4145c8d004e96900d01a"}]}