{"is_source_file": false, "format": "", "description": "", "external_files": [], "external_methods": [], "published": [], "classes": [], "methods": [], "calls": [], "search-terms": [], "state": 2, "file_id": 9, "knowledge_revision": 17, "git_revision": "d660f23c05183f9c439c4145c8d004e96900d01a", "hash": "d836a3d2dc8d37a6b1813c272899678c", "format-version": 4, "code-base-name": "notes_frontend", "filename": "notes_frontend/package.json", "revision_history": [{"17": "d660f23c05183f9c439c4145c8d004e96900d01a"}]}