{"is_source_file": false, "format": "", "description": "", "external_files": [], "external_methods": [], "published": [], "classes": [], "methods": [], "calls": [], "search-terms": [], "state": 2, "file_id": 7, "knowledge_revision": 26, "git_revision": "d660f23c05183f9c439c4145c8d004e96900d01a", "hash": "72e97d2cf25243fb873ca48aa4a2429b", "format-version": 4, "code-base-name": "notes_frontend", "filename": "notes_frontend/src/app.css", "revision_history": [{"26": "d660f23c05183f9c439c4145c8d004e96900d01a"}]}