{"is_source_file": false, "format": "", "description": "", "external_files": [], "external_methods": [], "published": [], "classes": [], "methods": [], "calls": [], "search-terms": [], "state": 2, "file_id": 10, "knowledge_revision": 22, "git_revision": "d660f23c05183f9c439c4145c8d004e96900d01a", "ctags": [], "hash": "b7bf9deeb7ba165ebe85a32fe6ac036e", "format-version": 4, "code-base-name": "notes_frontend", "filename": "notes_frontend/vitest-setup-client.ts", "revision_history": [{"22": "d660f23c05183f9c439c4145c8d004e96900d01a"}]}