{"is_source_file": false, "format": "", "description": "", "external_files": [], "external_methods": [], "published": [], "classes": [], "methods": [], "calls": [], "search-terms": [], "state": 2, "file_id": 5, "knowledge_revision": 16, "git_revision": "d660f23c05183f9c439c4145c8d004e96900d01a", "hash": "fb1f52a1342873a5d0778cec1572bb79", "format-version": 4, "code-base-name": "notes_frontend", "filename": "notes_frontend/src/app.html", "revision_history": [{"16": "d660f23c05183f9c439c4145c8d004e96900d01a"}]}