{"is_source_file": true, "format": "JavaScript", "description": "Configuration file for SvelteKit project using adapter-auto and vitePreprocess integrations.", "external_files": ["@sveltejs/adapter-auto", "@sveltejs/vite-plugin-svelte"], "external_methods": ["adapter()", "vitePreprocess()"], "published": ["config"], "classes": [], "methods": [{"name": "adapter()", "description": "Function imported from '@sveltejs/adapter-auto' to configure deployment adapter."}, {"name": "vitePreprocess()", "description": "Function imported from '@sveltejs/vite-plugin-svelte' for setting up preprocessor options."}], "calls": ["vitePreprocess()", "adapter()"], "search-terms": ["svelte.config.js", "adapter-auto", "vitePreprocess", "SvelteKit configuration", "preprocess"], "state": 2, "file_id": 8, "knowledge_revision": 23, "git_revision": "d660f23c05183f9c439c4145c8d004e96900d01a", "ctags": [{"_type": "tag", "name": "adapter", "path": "/home/kavia/workspace/code-generation/simple-notes-app-311713-311722/notes_frontend/svelte.config.js", "pattern": "/^\t\tadapter: adapter(),$/", "language": "JavaScript", "kind": "property", "scope": "config.kit", "scopeKind": "class"}, {"_type": "tag", "name": "checkOrigin", "path": "/home/kavia/workspace/code-generation/simple-notes-app-311713-311722/notes_frontend/svelte.config.js", "pattern": "/^\t\t\tcheckOrigin: false$/", "language": "JavaScript", "kind": "property", "scope": "config.kit.csrf", "scopeKind": "class"}, {"_type": "tag", "name": "config", "path": "/home/kavia/workspace/code-generation/simple-notes-app-311713-311722/notes_frontend/svelte.config.js", "pattern": "/^const config = {$/", "language": "JavaScript", "kind": "class"}, {"_type": "tag", "name": "csrf", "path": "/home/kavia/workspace/code-generation/simple-notes-app-311713-311722/notes_frontend/svelte.config.js", "pattern": "/^\t\tcsrf: {$/", "language": "JavaScript", "kind": "class", "scope": "config.kit", "scopeKind": "class"}, {"_type": "tag", "name": "kit", "path": "/home/kavia/workspace/code-generation/simple-notes-app-311713-311722/notes_frontend/svelte.config.js", "pattern": "/^\tkit: {$/", "language": "JavaScript", "kind": "class", "scope": "config", "scopeKind": "class"}, {"_type": "tag", "name": "preprocess", "path": "/home/kavia/workspace/code-generation/simple-notes-app-311713-311722/notes_frontend/svelte.config.js", "pattern": "/^\tpreprocess: vitePreprocess(),$/", "language": "JavaScript", "kind": "property", "scope": "config", "scopeKind": "class"}], "hash": "5adccfb5d56a16ae9a40d720c9fc945c", "format-version": 4, "code-base-name": "notes_frontend", "filename": "notes_frontend/svelte.config.js", "fields": [{"name": "adapter: adapter(),", "scope": "config.kit", "scopeKind": "class", "description": "unavailable"}, {"name": "checkOrigin: false", "scope": "config.kit.csrf", "scopeKind": "class", "description": "unavailable"}, {"name": "preprocess: vitePreprocess(),", "scope": "config", "scopeKind": "class", "description": "unavailable"}], "revision_history": [{"23": "d660f23c05183f9c439c4145c8d004e96900d01a"}]}