{"is_source_file": false, "format": "", "description": "", "external_files": [], "external_methods": [], "published": [], "classes": [], "methods": [], "calls": [], "search-terms": [], "state": 2, "file_id": 6, "knowledge_revision": 20, "git_revision": "d660f23c05183f9c439c4145c8d004e96900d01a", "ctags": [{"_type": "tag", "name": "App", "path": "/home/kavia/workspace/code-generation/simple-notes-app-311713-311722/notes_frontend/src/app.d.ts", "pattern": "/^\tnamespace App {$/", "language": "TypeScript", "kind": "namespace"}], "hash": "78b56494b3f78d7f9bacda13678f159e", "format-version": 4, "code-base-name": "notes_frontend", "filename": "notes_frontend/src/app.d.ts", "revision_history": [{"20": "d660f23c05183f9c439c4145c8d004e96900d01a"}]}