{"is_source_file": true, "format": "TypeScript", "description": "This is a configuration file for Vite, a build tool for front-end projects. It sets up plugins, server options, and testing configurations for a SvelteKit project.", "external_files": ["@testing-library/svelte/vite", "@sveltejs/kit/vite"], "external_methods": ["svelteTesting()", "defineConfig"], "published": [], "classes": [], "methods": [{"name": "defineConfig", "description": "Defines and exports the Vite configuration object."}], "calls": ["defineConfig", "sveltekit()", "svelteTesting()"], "search-terms": ["vite.config.ts", "SvelteKit", "Vite configuration", "testing", "server setup"], "state": 2, "file_id": 2, "knowledge_revision": 21, "git_revision": "d660f23c05183f9c439c4145c8d004e96900d01a", "ctags": [], "hash": "56df2df7e65a8e5b34870c711c6f770e", "format-version": 4, "code-base-name": "notes_frontend", "filename": "notes_frontend/vite.config.ts", "revision_history": [{"21": "d660f23c05183f9c439c4145c8d004e96900d01a"}]}